{
  "BD": 5.0,
  "BE": 5.364583333333334,
  "BG": 5.7407407407407405,
  "BA": 5.454545454545454,
  "BB": 5.0,
  "BM": 5.0,
  "JP": 5.51948051948052,
  "JM": 5.0,
  "JO": 4.090909090909091,
  "BR": 5.151515151515151,
  "BS": 5.0,
  "BY": 5.0,
  "BZ": 5.0,
  "RU": 5.111111111111111,
  "RW": 0.0,
  "RS": 5.0310559006211175,
  "TJ": 0.0,
  "RO": 6.0,
  "GT": 5.0,
  "GR": 5.3125,
  "BH": 6.428571428571428,
  "GE": 2.5,
  "GB": 5.17198248905566,
  "KW": 5.0,
  "GH": 5.625,
  "BW": 5.0,
  "HR": 4.583333333333333,
  "HU": 5.666666666666666,
  "HK": 5.0,
  "VE": 5.6000000000000005,
  "PR": 5.384615384615384,
  "PT": 4.9275362318840585,
  "PY": 5.0,
  "PA": 5.0,
  "UY": 5.0,
  "PE": 5.0,
  "PK": 5.208333333333334,
  "PH": 5.0,
  "PL": 5.4368932038834945,
  "EE": 5.178571428571429,
  "EG": 5.64516129032258,
  "ZA": 5.0,
  "EC": 5.0,
  "IT": 5.165289256198347,
  "ET": 5.0,
  "ES": 5.460992907801419,
  "ME": 5.0,
  "MD": 5.0,
  "MG": 5.0,
  "MA": 5.0,
  "UZ": 7.5,
  "MM": 10.0,
  "ML": 5.0,
  "MN": 5.0,
  "MK": 5.0,
  "MU": 5.0,
  "MT": 5.0,
  "MW": 5.0,
  "MV": 5.0,
  "UG": 5.0,
  "MY": 4.864864864864865,
  "MX": 5.222222222222222,
  "MZ": 5.0,
  "FR": 5.209424083769633,
  "FI": 5.28169014084507,
  "FJ": 5.0,
  "NI": 5.0,
  "NL": 5.173410404624278,
  "NO": 5.0,
  "NG": 5.0,
  "NZ": 5.225225225225225,
  "NP": 5.0,
  "CH": 5.067567567567568,
  "CO": 5.0,
  "CN": 5.555555555555555,
  "CL": 5.0,
  "CA": 5.054878048780488,
  "CG": 5.0,
  "CD": 5.0,
  "CZ": 5.357142857142857,
  "CY": 5.0,
  "CR": 5.0,
  "CU": 4.166666666666667,
  "SZ": 5.0,
  "SY": 6.25,
  "SX": 5.0,
  "KG": 4.545454545454545,
  "KE": 5.227272727272727,
  "SS": 5.0,
  "KH": 6.0,
  "SV": 5.0,
  "SK": 5.0,
  "SI": 5.681818181818182,
  "SO": 5.0,
  "SN": 7.5,
  "KZ": 6.0,
  "SA": 5.333333333333333,
  "SG": 5.428571428571428,
  "SE": 5.144927536231884,
  "SD": 5.0,
  "DO": 5.098039215686274,
  "DK": 5.2601156069364166,
  "DE": 5.202205882352942,
  "YE": 5.0,
  "AT": 5.116279069767442,
  "DZ": 5.0,
  "US": 5.1544372457435585,
  "LV": 5.073529411764706,
  "TZ": 3.75,
  "TV": 5.0,
  "TW": 5.5,
  "TR": 5.0,
  "LK": 5.0,
  "TN": 5.0,
  "LT": 5.238095238095238,
  "LR": 5.0,
  "TH": 5.2,
  "TC": 5.0,
  "LY": 5.0,
  "AE": 4.838709677419355,
  "AD": 5.0,
  "AF": 5.0,
  "IQ": 7.5,
  "IS": 5.0,
  "IR": 5.0,
  "AM": 7.5,
  "AL": 5.0,
  "AQ": 7.5,
  "AR": 5.172413793103448,
  "AU": 5.280748663101605,
  "IL": 5.256410256410256,
  "IN": 5.0922509225092245,
  "LB": 5.0,
  "AZ": 5.0,
  "IE": 5.654761904761905,
  "ID": 5.0,
  "UA": 5.084615384615384,
  "QA": 5.0
}