{
  "BD": 5.0,
  "BE": 5.294117647058823,
  "BG": 5.0,
  "BB": 5.0,
  "BM": 10.0,
  "JP": 5.32258064516129,
  "JM": 5.0,
  "JO": 5.0,
  "BR": 5.7894736842105265,
  "BY": 5.0,
  "RU": 6.136363636363637,
  "RS": 5.135135135135135,
  "RO": 5.833333333333334,
  "GR": 2.5,
  "BH": 5.0,
  "GB": 5.261130136986302,
  "GL": 5.0,
  "GH": 5.0,
  "OM": 5.0,
  "HR": 6.0,
  "HU": 5.0,
  "HK": 5.0,
  "HN": 5.0,
  "PR": 5.0,
  "PT": 5.6000000000000005,
  "AF": 8.333333333333332,
  "PA": 5.0,
  "UY": 7.5,
  "PE": 5.0,
  "PK": 5.303030303030303,
  "PH": 5.3125,
  "PL": 5.0,
  "EE": 5.0,
  "EG": 5.0,
  "ZA": 5.227272727272727,
  "EC": 5.0,
  "IT": 5.287769784172662,
  "VN": 7.5,
  "ET": 5.0,
  "ZW": 5.0,
  "KY": 5.0,
  "ES": 5.816326530612245,
  "MG": 7.5,
  "MA": 5.0,
  "UZ": 5.0,
  "LV": 5.0,
  "ML": 5.0,
  "US": 5.385451909134847,
  "MU": 5.0,
  "MT": 5.0,
  "MW": 5.0,
  "MV": 5.0,
  "null": 5.0,
  "UG": 6.25,
  "MY": 5.285714285714286,
  "MX": 5.0,
  "IL": 5.7894736842105265,
  "FR": 5.175438596491229,
  "FI": 5.0,
  "NL": 5.158730158730158,
  "NO": 5.161290322580645,
  "NG": 5.0,
  "NZ": 5.975609756097561,
  "NP": 5.0,
  "CH": 4.2857142857142865,
  "CO": 5.0,
  "CN": 5.0,
  "CL": 3.75,
  "CA": 5.241545893719807,
  "CZ": 7.142857142857143,
  "CY": 5.0,
  "CR": 5.0,
  "KG": 10.0,
  "KE": 5.0,
  "SK": 5.0,
  "SI": 5.454545454545454,
  "KW": 5.0,
  "SA": 6.25,
  "SG": 5.3125,
  "SE": 5.816326530612245,
  "DO": 4.705882352941177,
  "DK": 5.305343511450382,
  "DE": 5.189873417721519,
  "TZ": 5.0,
  "TW": 6.666666666666666,
  "TT": 5.0,
  "TR": 5.0,
  "LK": 5.0,
  "TN": 5.0,
  "LT": 5.0,
  "LU": 5.0,
  "LR": 5.0,
  "TH": 5.185185185185185,
  "TC": 5.0,
  "AE": 5.238095238095238,
  "VE": 5.0,
  "VG": 5.0,
  "IS": 5.0,
  "IR": 6.25,
  "AL": 5.0,
  "AO": 10.0,
  "AQ": 5.0,
  "AR": 6.0,
  "AU": 5.5504587155963305,
  "AT": 5.454545454545454,
  "IN": 5.072463768115942,
  "LB": 5.0,
  "IE": 7.101449275362319,
  "ID": 4.957805907172996,
  "UA": 6.25
}