{
  "BD": 0.0, 
  "BE": 0.10526315789473684, 
  "BG": 0.14285714285714285, 
  "BA": 0.09090909090909091, 
  "BB": 0.0, 
  "BM": 0.0, 
  "BO": 0.0, 
  "JP": 0.08791208791208792, 
  "JM": 0.0, 
  "JO": 0.0, 
  "BR": 0.045454545454545456, 
  "BS": 0.0, 
  "BY": 0.0, 
  "BZ": 0.0, 
  "RU": 0.05191256830601093, 
  "RW": 0.0, 
  "RS": 0.017857142857142856, 
  "LR": 0.0, 
  "RO": 0.18181818181818182, 
  "GT": 0.0, 
  "GR": 0.05263157894736842, 
  "BH": 0.2857142857142857, 
  "GE": 0.0, 
  "GB": 0.07420494699646643, 
  "GH": 0.125, 
  "OM": 0.0, 
  "TN": 0.0, 
  "BW": 0.0, 
  "HR": 0.0, 
  "HU": 0.11764705882352941, 
  "HK": 0.044444444444444446, 
  "HN": 0.0, 
  "CR": 0.0, 
  "VE": 0.027522935779816515, 
  "PR": 0.038461538461538464, 
  "PT": 0.01, 
  "PY": 0.0, 
  "PA": 0.0, 
  "PE": 0.0, 
  "PK": 0.04054054054054054, 
  "PH": 0.06153846153846154, 
  "PL": 0.07936507936507936, 
  "ZM": 0.0, 
  "EE": 0.03571428571428571, 
  "EG": 0.10810810810810811, 
  "ZA": 0.045112781954887216, 
  "EC": 0.0, 
  "IT": 0.026871401151631478, 
  "KZ": 0.16666666666666666, 
  "ET": 0.0, 
  "ZW": 0.0, 
  "ES": 0.09555345316934721, 
  "ME": 0.0, 
  "MD": 0.0, 
  "MG": 0.0, 
  "MA": 0.0, 
  "UZ": 0.3333333333333333, 
  "MM": 1.0, 
  "ML": 0.0, 
  "MN": 0.0, 
  "US": 0.056843679880329095, 
  "MU": 0.0, 
  "MT": 0.0, 
  "MW": 0.0, 
  "MV": 0.0, 
  "UG": 0.12, 
  "UA": 0.03856749311294766, 
  "MX": 0.010416666666666666, 
  "IL": 0.04878048780487805, 
  "FR": 0.06666666666666667, 
  "FI": 0.07792207792207792, 
  "FJ": 0.0, 
  "NI": 0.0, 
  "NL": 0.045662100456621, 
  "NO": 0.017241379310344827, 
  "NG": 0.008130081300813009, 
  "NZ": 0.08870967741935484, 
  "NP": 0.0, 
  "CH": 0.03296703296703297, 
  "CO": 0.013986013986013986, 
  "CN": 0.07142857142857142, 
  "CL": 0.0, 
  "CA": 0.05803571428571429, 
  "CG": 0.0, 
  "CD": 0.0, 
  "CZ": 0.045454545454545456, 
  "CY": 0.0, 
  "UY": 0.0, 
  "CU": 0.0, 
  "SZ": 0.0, 
  "SY": 0.25, 
  "SX": 0.0, 
  "KG": 0.0, 
  "KE": 0.04, 
  "SS": 0.0, 
  "KH": 0.2, 
  "SV": 0.0, 
  "SK": 0.0, 
  "SI": 0.17391304347826086, 
  "SO": 0.0, 
  "SN": 0.5, 
  "KW": 0.0, 
  "SA": 0.06666666666666667, 
  "SG": 0.13157894736842105, 
  "SE": 0.05405405405405406, 
  "SD": 0.0, 
  "DO": 0.00641025641025641, 
  "DK": 0.05789473684210526, 
  "DE": 0.07163323782234957, 
  "YE": 0.0, 
  "DZ": 0.0, 
  "MK": 0.0, 
  "LB": 0.02857142857142857, 
  "TV": 0.0, 
  "TW": 0.09090909090909091, 
  "TR": 0.041237113402061855, 
  "LK": 0.0, 
  "LV": 0.023809523809523808, 
  "LT": 0.09090909090909091, 
  "TJ": 0.0, 
  "TH": 0.0392156862745098, 
  "TC": 0.0, 
  "LY": 0.0, 
  "AE": 0.0, 
  "AD": 0.0, 
  "AF": 0.0, 
  "IQ": 0.3333333333333333, 
  "IS": 0.0, 
  "IR": 0.0, 
  "AM": 0.5, 
  "AL": 0.0, 
  "VN": 0.0, 
  "AQ": 0.5, 
  "AR": 0.013636363636363636, 
  "AU": 0.08571428571428572, 
  "AT": 0.05102040816326531, 
  "IN": 0.04113924050632911, 
  "TZ": 0.0, 
  "AZ": 0.0, 
  "IE": 0.1595744680851064, 
  "ID": 0.013888888888888888, 
  "MY": 0.023255813953488372, 
  "QA": 0.037037037037037035, 
  "MZ": 0.0
}
