{
  "BD": 0.0, 
  "BE": 0.030959752321981424, 
  "BG": 0.0, 
  "BA": 0.0, 
  "BB": 0.0, 
  "BM": 0.0, 
  "BO": 0.0, 
  "JP": 0.0, 
  "JM": 0.0, 
  "JO": 0.18181818181818182, 
  "BR": 0.015151515151515152, 
  "BS": 0.0, 
  "BY": 0.0, 
  "BZ": 0.0, 
  "RU": 0.02185792349726776, 
  "RW": 1.0, 
  "RS": 0.011904761904761904, 
  "LR": 0.0, 
  "RO": 0.0, 
  "GT": 0.0, 
  "GR": 0.0, 
  "BH": 0.0, 
  "GE": 0.5, 
  "GB": 0.03828032979976443, 
  "GH": 0.0, 
  "OM": 0.0, 
  "TN": 0.0, 
  "BW": 0.0, 
  "HR": 0.07142857142857142, 
  "HU": 0.0, 
  "HK": 0.06666666666666667, 
  "HN": 0.0, 
  "CR": 0.0, 
  "VE": 0.0, 
  "PR": 0.0, 
  "PT": 0.02, 
  "PY": 0.0, 
  "PA": 0.0, 
  "PE": 0.0, 
  "PK": 0.0, 
  "PH": 0.06153846153846154, 
  "PL": 0.0, 
  "ZM": 0.0, 
  "EE": 0.0, 
  "EG": 0.0, 
  "ZA": 0.05263157894736842, 
  "EC": 0.0, 
  "IT": 0.003838771593090211, 
  "KZ": 0.0, 
  "ET": 0.0, 
  "ZW": 0.0, 
  "ES": 0.007568590350047304, 
  "ME": 0.0, 
  "MD": 0.0, 
  "MG": 0.0, 
  "MA": 0.0, 
  "UZ": 0.0, 
  "MM": 0.0, 
  "ML": 0.0, 
  "MN": 0.0, 
  "US": 0.02754923959112441, 
  "MU": 0.0, 
  "MT": 0.0, 
  "MW": 0.0, 
  "MV": 0.0, 
  "UG": 0.12, 
  "UA": 0.018365472910927456, 
  "MX": 0.0, 
  "IL": 0.0, 
  "FR": 0.037037037037037035, 
  "FI": 0.025974025974025976, 
  "FJ": 0.0, 
  "NI": 0.0, 
  "NL": 0.0182648401826484, 
  "NO": 0.017241379310344827, 
  "NG": 0.008130081300813009, 
  "NZ": 0.04838709677419355, 
  "NP": 0.0, 
  "CH": 0.03296703296703297, 
  "CO": 0.0, 
  "CN": 0.0, 
  "CL": 0.0, 
  "CA": 0.044642857142857144, 
  "CG": 0.0, 
  "CD": 0.0, 
  "CZ": 0.0, 
  "CY": 0.0, 
  "UY": 0.0, 
  "CU": 0.027777777777777776, 
  "SZ": 0.0, 
  "SY": 0.0, 
  "SX": 0.0, 
  "KG": 0.09090909090909091, 
  "KE": 0.0, 
  "SS": 0.0, 
  "KH": 0.0, 
  "SV": 0.0, 
  "SK": 0.0, 
  "SI": 0.0, 
  "SO": 0.0, 
  "SN": 0.0, 
  "KW": 0.0, 
  "SA": 0.0, 
  "SG": 0.05263157894736842, 
  "SE": 0.04054054054054054, 
  "SD": 0.0, 
  "DO": 0.003205128205128205, 
  "DK": 0.010526315789473684, 
  "DE": 0.02005730659025788, 
  "YE": 0.0, 
  "DZ": 0.0, 
  "MK": 0.0, 
  "LB": 0.02857142857142857, 
  "TV": 0.0, 
  "TW": 0.0, 
  "TR": 0.030927835051546393, 
  "LK": 0.0, 
  "LV": 0.011904761904761904, 
  "LT": 0.045454545454545456, 
  "TJ": 1.0, 
  "TH": 0.0, 
  "TC": 0.0, 
  "LY": 0.0, 
  "AE": 0.030303030303030304, 
  "AD": 0.0, 
  "AF": 0.0, 
  "IQ": 0.0, 
  "IS": 0.0, 
  "IR": 0.0, 
  "AM": 0.0, 
  "AL": 0.0, 
  "VN": 0.0, 
  "AQ": 0.0, 
  "AR": 0.004545454545454545, 
  "AU": 0.02857142857142857, 
  "AT": 0.030612244897959183, 
  "IN": 0.022151898734177215, 
  "TZ": 0.16666666666666666, 
  "AZ": 0.0, 
  "IE": 0.031914893617021274, 
  "ID": 0.010416666666666666, 
  "MY": 0.023255813953488372, 
  "QA": 0.0, 
  "MZ": 0.0
}
