{"BD": 0.0, "BE": 0.08974358974358974, "BG": 0.0, "BA": 0.16666666666666666, "BB": 0, "BM": 0, "BO": 0.0, "JP": 0.019230769230769232, "JM": 0.0, "JO": 0.0, "BR": 0.0, "BS": 0.0, "BY": 0.0, "BZ": 0.0, "RU": 0.3708609271523179, "RW": 0, "RS": 0.03409090909090909, "TJ": 0, "RO": 0.0, "GT": 0, "GR": 0.14814814814814814, "BH": 0.0, "GE": 0, "GB": 0.038028169014084505, "KW": 0.0, "GH": 0.0, "OM": 0, "BW": 0, "HR": 0.0, "HU": 0.0, "HK": 0.0, "HN": 0.0, "AD": 0.0, "PR": 0.0, "PT": 0.0, "PY": 0.0, "PA": 0.0, "UY": 0.0, "PE": 0.0, "PK": 0.07692307692307693, "PH": 0.12, "PL": 0.05128205128205128, "ZM": 0, "EE": 0.0, "EG": 0.058823529411764705, "ZA": 0.13725490196078433, "EC": 0.20588235294117646, "AL": 0.0, "ET": 0.0, "ZW": 0, "ES": 0.43340857787810383, "ME": 0.0, "MD": 0.5, "MG": 0, "MA": 0, "UZ": 0.0, "MM": 0.0, "ML": 0, "MN": 0.0, "US": 0.1543700340522134, "MU": 0, "MT": 0.0, "MW": 0, "MV": 0.0, "UG": 0.0, "UA": 0.18333333333333332, "MX": 0.14393939393939395, "AT": 0.0, "FR": 0.07894736842105263, "FI": 0.06060606060606061, "FJ": 0, "NI": 0.2, "NL": 0.03, "NO": 0.0, "NG": 0.0, "NZ": 0.017241379310344827, "NP": 0.0, "CH": 0.10714285714285714, "CO": 0.057692307692307696, "CN": 0.3333333333333333, "CL": 0.2857142857142857, "CA": 0.051075268817204304, "CG": 0, "CD": 0.0, "CZ": 0.0, "CY": 1.0, "CR": 0.0, "CU": 0.15384615384615385, "SZ": 0.0, "SY": 0, "SX": 0, "KG": 0.0, "KE": 0.029411764705882353, "SS": 0.0, "KH": 0.0, "SV": 0.0, "SK": 0.3333333333333333, "SI": 0.0, "SO": 0.0, "SN": 0, "KZ": 0.0, "SA": 0.0, "SG": 0.0, "SE": 0.0, "SD": 0.0, "DO": 0.06722689075630252, "DK": 0.0, "DE": 0.06521739130434782, "YE": 0, "DZ": 0.0, "MK": 0.0, "LV": 0.0, "LB": 0.6470588235294118, "TV": 0.0, "TW": 0.0, "TR": 0.08333333333333333, "LK": 0.0, "TN": 0.0, "LT": 0.2857142857142857, "LR": 0.0, "TH": 0.0, "TC": 0.0, "LY": 0.0, "AE": 0.0, "VE": 0.06048387096774194, "AF": 0.0, "IQ": 0.0, "IS": 0.0, "IR": 0.14285714285714285, "AM": 0.0, "IT": 0.3285024154589372, "VN": 0.0, "AQ": 0, "AR": 0.2112676056338028, "AU": 0.07482993197278912, "IL": 0.1, "IN": 0.15748031496062992, "TZ": 0.0, "AZ": 0.2857142857142857, "IE": 0.20588235294117646, "ID": 0.1286549707602339, "MY": 0.0, "QA": 0.10526315789473684, "MZ": 0}