{
  "BD": 0.0,
  "BE": 0.1,
  "BG": 0.0,
  "BA": 0.16666666666666666,
  "BO": 0.0,
  "BH": 0.0,
  "JM": 0.0,
  "JO": 0.0,
  "BR": 0.0,
  "BS": 0.0,
  "BY": 0.0,
  "BZ": 0.0,
  "RU": 0.3888888888888889,
  "RS": 0.03571428571428571,
  "RO": 0.0,
  "GR": 0.15384615384615385,
  "JP": 0.019230769230769232,
  "GB": 0.04153846153846154,
  "GH": 0.0,
  "HR": 0.0,
  "HU": 0.0,
  "HK": 0.0,
  "HN": 0.0,
  "AD": 0.0,
  "PR": 0.0,
  "PT": 0.0,
  "PY": 0.0,
  "PA": 0.0,
  "PE": 0.0,
  "PK": 0.08823529411764706,
  "PH": 0.14285714285714285,
  "PL": 0.05405405405405406,
  "EE": 0.0,
  "EG": 0.0625,
  "ZA": 0.1891891891891892,
  "EC": 0.25925925925925924,
  "AL": 0.0,
  "ET": 0.0,
  "ES": 0.4485981308411215,
  "ME": 0.0,
  "MD": 0.5,
  "UY": 0.0,
  "UZ": 0.0,
  "MM": 0.0,
  "MN": 0.0,
  "US": 0.1705790297339593,
  "MT": 0.0,
  "MV": 0.0,
  "UG": 0.0,
  "UA": 0.23109243697478993,
  "MX": 0.16521739130434782,
  "AT": 0.0,
  "FR": 0.08823529411764706,
  "FI": 0.06060606060606061,
  "NI": 0.2,
  "NL": 0.030927835051546393,
  "NO": 0.0,
  "NG": 0.0,
  "NZ": 0.018518518518518517,
  "NP": 0.0,
  "CH": 0.11538461538461539,
  "CO": 0.06,
  "CN": 0.5,
  "CL": 0.3333333333333333,
  "CA": 0.05604719764011799,
  "CD": 0.0,
  "CZ": 0.0,
  "CY": 1.0,
  "CR": 0.0,
  "CU": 0.15384615384615385,
  "SZ": 0.0,
  "KG": 0.0,
  "KE": 0.037037037037037035,
  "SS": 0.0,
  "KH": 0.0,
  "SV": 0.0,
  "SK": 0.3333333333333333,
  "SI": 0.0,
  "KW": 0.0,
  "KZ": 0.0,
  "SA": 0.0,
  "SG": 0.0,
  "SE": 0.0,
  "SD": 0.0,
  "DO": 0.06956521739130435,
  "DK": 0.0,
  "DE": 0.06716417910447761,
  "DZ": 0.0,
  "MK": 0.0,
  "LB": 0.6470588235294118,
  "TV": 0.0,
  "TW": 0.0,
  "TR": 0.08823529411764706,
  "LK": 0.0,
  "LV": 0.0,
  "LT": 0.2857142857142857,
  "LR": 0.0,
  "TH": 0.0,
  "TC": 0.0,
  "LY": 0.0,
  "AE": 0.0,
  "VE": 0.0641025641025641,
  "AF": 0.0,
  "IQ": 0.0,
  "IS": 0.0,
  "IR": 0.16666666666666666,
  "AM": 0.0,
  "IT": 0.39080459770114945,
  "AR": 0.24193548387096775,
  "AU": 0.0873015873015873,
  "IL": 0.125,
  "IN": 0.18181818181818182,
  "TZ": 0.0,
  "AZ": 0.2857142857142857,
  "IE": 0.20588235294117646,
  "ID": 0.13095238095238096,
  "MY": 0.0,
  "QA": 0.2857142857142857
}